-- phpMyAdmin SQL Dump
-- version 4.5.4.1deb2ubuntu2.1
-- http://www.phpmyadmin.net
--
-- Host: localhost
-- Creato il: Nov 13, 2019 alle 19:02
-- Versione del server: 5.7.27-0ubuntu0.16.04.1
-- Versione PHP: 7.0.33-0ubuntu0.16.04.7

SET SQL_MODE = "NO_AUTO_VALUE_ON_ZERO";
SET time_zone = "+00:00";


/*!40101 SET @OLD_CHARACTER_SET_CLIENT=@@CHARACTER_SET_CLIENT */;
/*!40101 SET @OLD_CHARACTER_SET_RESULTS=@@CHARACTER_SET_RESULTS */;
/*!40101 SET @OLD_COLLATION_CONNECTION=@@COLLATION_CONNECTION */;
/*!40101 SET NAMES utf8mb4 */;

--
-- Database: `softeng2Final`
--

-- --------------------------------------------------------

--
-- Struttura della tabella `MarksRecord`
--

CREATE TABLE `MarksRecord` (
  `ID` int(11) NOT NULL,
  `StudentID` int(11) NOT NULL,
  `Mark` float NOT NULL,
  `TeacherID` int(11) NOT NULL,
  `TopicID` int(11) NOT NULL,
  `Timestamp` timestamp NOT NULL DEFAULT CURRENT_TIMESTAMP ON UPDATE CURRENT_TIMESTAMP
) ENGINE=InnoDB DEFAULT CHARSET=latin1;

--
-- Dump dei dati per la tabella `MarksRecord`
--

INSERT INTO `MarksRecord` (`ID`, `StudentID`, `Mark`, `TeacherID`, `TopicID`, `Timestamp`) VALUES
(1, 2, 7, 1, 1, '2019-11-09 07:00:00'),
(2, 2, 7, 2, 2, '2019-11-09 08:00:00'),
(3, 3, 4, 3, 3, '2019-11-09 09:00:00'),
(4, 4, 2, 4, 4, '2019-11-09 10:00:00'),
(5, 1, 2, 5, 5, '2019-11-09 11:00:00'),
(6, 1, 5, 6, 6, '2019-11-09 12:00:00'),
(7, 5, 9, 7, 7, '2019-11-09 13:00:00');

-- --------------------------------------------------------

--
-- Struttura della tabella `Parent`
--

CREATE TABLE `Parent` (
  `ID` int(11) NOT NULL,
  `StudentID` int(11) NOT NULL,
  `UserID` int(11) NOT NULL
) ENGINE=InnoDB DEFAULT CHARSET=latin1;

--
-- Dump dei dati per la tabella `Parent`
--

INSERT INTO `Parent` (`ID`, `StudentID`, `UserID`) VALUES
(1, 1, 1),
(2, 2, 2);

-- --------------------------------------------------------

--
-- Struttura della tabella `Student`
--

CREATE TABLE `Student` (
  `ID` int(11) NOT NULL,
  `Name` varchar(50) NOT NULL,
  `Surname` varchar(50) NOT NULL,
  `AverageLastSchool` float NOT NULL,
  `CF` varchar(16) NOT NULL
) ENGINE=InnoDB DEFAULT CHARSET=latin1;

--
-- Dump dei dati per la tabella `Student`
--

INSERT INTO `Student` (`ID`, `Name`, `Surname`, `AverageLastSchool`, `CF`) VALUES
(1, 'name1', 'sur1', 10, 'cf1'),
(2, 'name1', 'sur1', 10, 'cf1'),
(3, 'name2', 'sur2', 10, 'cf2'),
(4, 'name3', 'sur3', 10, 'cf3'),
(5, 'name4', 'sur4', 10, 'cf4');

-- --------------------------------------------------------

--
-- Struttura della tabella `Teacher`
--

CREATE TABLE `Teacher` (
  `ID` int(11) NOT NULL,
  `MeetingHourID` int(11) NOT NULL,
  `UserID` int(11) NOT NULL,
  `FiscalCode` text NOT NULL
) ENGINE=InnoDB DEFAULT CHARSET=latin1;

--
-- Dump dei dati per la tabella `Teacher`
--

INSERT INTO `Teacher` (`ID`, `MeetingHourID`, `UserID`, `FiscalCode`) VALUES
(1, 0, 3, 'fc1'),
(2, 0, 4, 'fc2'),
(3, 0, 5, 'fc3'),
(4, 0, 6, 'fc4'),
(5, 0, 7, 'fc5'),
(6, 0, 8, 'fc6'),
(7, 0, 9, 'fc7');

-- --------------------------------------------------------

--
-- Struttura della tabella `Topic`
--

CREATE TABLE `Topic` (
  `ID` int(11) NOT NULL,
  `Name` varchar(100) NOT NULL,
  `Description` text NOT NULL
) ENGINE=InnoDB DEFAULT CHARSET=latin1;

--
-- Dump dei dati per la tabella `Topic`
--

INSERT INTO `Topic` (`ID`, `Name`, `Description`) VALUES
(1, 'topic1', 'desc1'),
(2, 'topic2', 'desc2'),
(3, 'topic3', 'desc3'),
(4, 'topic4', 'desc4'),
(5, 'topic5', 'desc5'),
(6, 'topic6', 'desc6'),
(7, 'topic7', 'desc7');

-- --------------------------------------------------------

--
-- Struttura della tabella `TopicRecord`
--

CREATE TABLE `TopicRecord` (
  `ID` int(11) NOT NULL,
  `TeacherID` int(11) NOT NULL,
  `Timestamp` timestamp NOT NULL DEFAULT CURRENT_TIMESTAMP ON UPDATE CURRENT_TIMESTAMP,
  `Description` varchar(512) NOT NULL,
  `TopicID` int(11) NOT NULL,
  `SpecificClassID` int(11) NOT NULL
) ENGINE=InnoDB DEFAULT CHARSET=utf8mb4;

-- --------------------------------------------------------

--
-- Struttura della tabella `User`
--

CREATE TABLE `User` (
  `ID` int(11) NOT NULL,
  `Name` varchar(200) NOT NULL,
  `Surname` varchar(200) NOT NULL,
  `Email` text NOT NULL,
  `Password` text NOT NULL,
  `UserGroup` varchar(25) NOT NULL
) ENGINE=InnoDB DEFAULT CHARSET=latin1;

--
-- Dump dei dati per la tabella `User`
--

INSERT INTO `User` (`ID`, `Name`, `Surname`, `Email`, `Password`, `UserGroup`) VALUES
(1, 'ParentName1A', 'ParentSurname2a', 'pns1a@io.io', '$2y$12$ZOB4hLXsBQmRWwU7u0hP4e3GUbyOEg7Gll1ZJMEDd4d4sWiqDE8by', 'Parent'),
(2, 'ParentName2A', 'ParentSurame2A', 'pns2a@io.io', '$2y$12$ZOB4hLXsBQmRWwU7u0hP4e3GUbyOEg7Gll1ZJMEDd4d4sWiqDE8by', 'Parent'),
(3, 'TeacherName1', 'TeacherSur1', 'TeacherEmail1', '$2y$12$ZOB4hLXsBQmRWwU7u0hP4e3GUbyOEg7Gll1ZJMEDd4d4sWiqDE8by', 'Teacher'),
(4, 'TeacherName2', 'TeacherSur2', 'TeacherEmail2', '$2y$12$ZOB4hLXsBQmRWwU7u0hP4e3GUbyOEg7Gll1ZJMEDd4d4sWiqDE8by', 'Teacher'),
(5, 'TeacherName3', 'TeacherSur3', 'TeacherEmail3', '$2y$12$ZOB4hLXsBQmRWwU7u0hP4e3GUbyOEg7Gll1ZJMEDd4d4sWiqDE8by', 'Teacher'),
(6, 'TeacherName4', 'TeacherSur4', 'TeacherEmail4', '$2y$12$ZOB4hLXsBQmRWwU7u0hP4e3GUbyOEg7Gll1ZJMEDd4d4sWiqDE8by', 'Teacher'),
(7, 'TeacherName5', 'TeacherSur5', 'TeacherEmail5', '$2y$12$ZOB4hLXsBQmRWwU7u0hP4e3GUbyOEg7Gll1ZJMEDd4d4sWiqDE8by', 'Teacher'),
(8, 'TeacherName6', 'TeacherSur6', 'TeacherEmail6', '$2y$12$ZOB4hLXsBQmRWwU7u0hP4e3GUbyOEg7Gll1ZJMEDd4d4sWiqDE8by', 'Teacher'),
(9, 'TeacherName7', 'TeacherSur7', 'TeacherEmail7', '$2y$12$ZOB4hLXsBQmRWwU7u0hP4e3GUbyOEg7Gll1ZJMEDd4d4sWiqDE8by', 'Teacher');

--
-- Indici per le tabelle scaricate
--

--
-- Indici per le tabelle `MarksRecord`
--
ALTER TABLE `MarksRecord`
  ADD PRIMARY KEY (`ID`),
  ADD KEY `StudentID` (`StudentID`),
  ADD KEY `TopicID` (`TopicID`);

--
-- Indici per le tabelle `Parent`
--
ALTER TABLE `Parent`
  ADD PRIMARY KEY (`ID`),
  ADD KEY `StudentID` (`StudentID`),
  ADD KEY `UserID` (`UserID`);

--
-- Indici per le tabelle `Student`
--
ALTER TABLE `Student`
  ADD PRIMARY KEY (`ID`);

--
-- Indici per le tabelle `Teacher`
--
ALTER TABLE `Teacher`
  ADD PRIMARY KEY (`ID`),
  ADD KEY `UserID` (`UserID`);

--
-- Indici per le tabelle `Topic`
--
ALTER TABLE `Topic`
  ADD PRIMARY KEY (`ID`);

--
-- Indici per le tabelle `TopicRecord`
--
ALTER TABLE `TopicRecord`
  ADD PRIMARY KEY (`ID`);

--
-- Indici per le tabelle `User`
--
ALTER TABLE `User`
  ADD PRIMARY KEY (`ID`);

--
-- AUTO_INCREMENT per le tabelle scaricate
--

--
-- AUTO_INCREMENT per la tabella `MarksRecord`
--
ALTER TABLE `MarksRecord`
  MODIFY `ID` int(11) NOT NULL AUTO_INCREMENT, AUTO_INCREMENT=8;
--
-- AUTO_INCREMENT per la tabella `Parent`
--
ALTER TABLE `Parent`
  MODIFY `ID` int(11) NOT NULL AUTO_INCREMENT, AUTO_INCREMENT=5;
--
-- AUTO_INCREMENT per la tabella `Student`
--
ALTER TABLE `Student`
  MODIFY `ID` int(11) NOT NULL AUTO_INCREMENT, AUTO_INCREMENT=6;
--
-- AUTO_INCREMENT per la tabella `Teacher`
--
ALTER TABLE `Teacher`
  MODIFY `ID` int(11) NOT NULL AUTO_INCREMENT, AUTO_INCREMENT=8;
--
-- AUTO_INCREMENT per la tabella `Topic`
--
ALTER TABLE `Topic`
  MODIFY `ID` int(11) NOT NULL AUTO_INCREMENT, AUTO_INCREMENT=8;
--
-- AUTO_INCREMENT per la tabella `TopicRecord`
--
ALTER TABLE `TopicRecord`
  MODIFY `ID` int(11) NOT NULL AUTO_INCREMENT;
--
-- AUTO_INCREMENT per la tabella `User`
--
ALTER TABLE `User`
  MODIFY `ID` int(11) NOT NULL AUTO_INCREMENT, AUTO_INCREMENT=10;
--
-- Limiti per le tabelle scaricate
--

--
-- Limiti per la tabella `MarksRecord`
--
ALTER TABLE `MarksRecord`
  ADD CONSTRAINT `fk_student` FOREIGN KEY (`StudentID`) REFERENCES `Student` (`ID`) ON DELETE CASCADE ON UPDATE CASCADE,
  ADD CONSTRAINT `fk_topic` FOREIGN KEY (`TopicID`) REFERENCES `Topic` (`ID`) ON DELETE CASCADE ON UPDATE CASCADE;

--
-- Limiti per la tabella `Parent`
--
ALTER TABLE `Parent`
  ADD CONSTRAINT `fk_parentID` FOREIGN KEY (`UserID`) REFERENCES `User` (`ID`) ON DELETE CASCADE ON UPDATE CASCADE,
  ADD CONSTRAINT `fk_studentID` FOREIGN KEY (`StudentID`) REFERENCES `Student` (`ID`) ON DELETE CASCADE ON UPDATE CASCADE;

--
-- Limiti per la tabella `Teacher`
--
ALTER TABLE `Teacher`
  ADD CONSTRAINT `fk_teacherID` FOREIGN KEY (`UserID`) REFERENCES `User` (`ID`) ON DELETE CASCADE ON UPDATE CASCADE;

/*!40101 SET CHARACTER_SET_CLIENT=@OLD_CHARACTER_SET_CLIENT */;
/*!40101 SET CHARACTER_SET_RESULTS=@OLD_CHARACTER_SET_RESULTS */;
/*!40101 SET COLLATION_CONNECTION=@OLD_COLLATION_CONNECTION */;
